gender,age,city_zone,mother_education,father_education,educational_support,private_classes,internet,dating,free_time,friends,alcohol_business_days,alcohol_weekend,outcome
1,18,0,4,4,1,0,0,0,3,4,1,1,0
1,17,0,1,1,0,0,1,0,3,3,1,1,0
1,15,0,1,1,1,0,1,0,3,2,2,3,0
1,15,0,4,2,0,0,1,1,2,2,1,1,1
1,16,0,3,3,0,0,0,0,3,2,1,2,0
0,16,0,4,3,0,0,1,0,4,2,1,2,0
0,16,0,2,2,0,0,1,0,4,4,1,1,0
1,17,0,4,4,1,0,0,0,1,4,1,1,0
0,15,0,3,2,0,0,1,0,2,2,1,1,1
0,15,0,3,4,0,0,1,0,5,1,1,1,0
1,15,0,4,4,0,0,1,0,3,3,1,2,1
1,15,0,2,1,0,0,1,0,2,2,1,1,0
0,15,0,4,4,0,0,1,0,3,3,1,3,0
0,15,0,4,3,0,0,1,0,4,3,1,2,0
0,15,0,2,2,0,0,1,1,5,2,1,1,1
1,16,0,4,4,0,0,1,0,4,4,1,2,1
1,16,0,4,4,0,0,1,0,2,3,1,2,0
1,16,0,3,3,1,0,0,0,3,2,1,1,0
0,17,0,3,2,0,1,1,0,5,5,2,4,0
0,16,0,4,3,0,0,1,0,1,3,1,3,0
0,15,0,4,3,0,0,1,0,4,1,1,1,0
0,15,0,4,4,0,1,1,0,4,2,1,1,0
0,16,0,4,2,0,0,1,0,5,1,1,3,0
0,16,0,2,2,0,0,1,0,4,4,2,4,0
1,15,1,2,4,1,0,1,0,3,2,1,1,0
1,16,0,2,2,0,0,1,0,2,2,1,3,0
0,15,0,2,2,0,0,1,0,2,2,1,2,0
0,15,0,4,2,0,0,1,0,2,4,2,4,0
0,16,0,3,4,1,1,1,0,3,3,1,1,0
0,16,0,4,4,0,1,1,1,4,5,5,5,0
0,15,0,4,4,0,1,1,0,4,2,3,4,0
0,15,0,4,4,0,0,1,0,3,1,1,1,1
0,15,1,4,3,0,0,1,1,5,2,1,1,0
0,15,0,3,3,0,0,1,0,3,2,1,1,0
0,16,0,3,2,0,0,1,0,4,3,1,1,0
1,15,0,2,3,0,0,0,0,5,1,1,1,0
0,15,0,4,3,0,0,1,0,4,3,1,1,1
0,16,1,4,4,0,0,1,1,4,3,1,1,0
1,15,1,3,4,1,0,1,0,3,2,1,1,0
1,15,1,2,2,1,0,0,0,3,1,1,1,0
1,16,0,2,2,0,0,1,1,3,3,1,2,0
0,15,0,4,4,0,0,1,1,4,3,2,4,0
0,15,0,4,4,0,0,1,0,3,3,1,1,1
0,15,0,2,2,1,0,1,0,4,1,1,1,0
1,16,0,2,2,1,0,1,0,3,3,2,2,0
1,15,0,4,3,1,1,1,1,2,2,1,1,0
1,16,0,3,3,0,0,1,0,3,5,1,4,0
0,16,0,4,3,0,0,1,0,2,2,1,1,1
0,15,0,4,2,0,0,0,0,3,3,2,2,0
1,15,0,4,4,1,0,1,0,4,4,1,1,0
1,16,0,2,2,0,0,1,0,3,3,2,3,0
1,15,0,4,2,0,0,1,0,3,3,1,1,1
0,15,0,4,2,0,0,0,0,5,5,3,4,0
1,15,0,4,4,1,0,1,0,3,4,2,3,0
1,15,0,3,3,0,0,1,0,3,4,4,4,0
1,16,0,2,1,0,0,1,1,3,4,1,1,0
1,15,0,4,3,0,0,1,0,3,2,1,1,1
0,15,0,4,4,0,0,0,0,2,2,1,1,1
0,15,0,1,2,1,0,1,0,3,2,1,1,0
1,16,0,4,2,0,1,1,0,2,3,1,1,1
1,16,1,4,4,0,0,0,0,4,4,2,3,1
1,16,0,1,1,1,0,1,1,5,5,5,5,0
1,16,0,1,2,1,0,1,0,4,3,1,1,0
1,16,0,4,3,1,0,1,0,4,4,2,4,0
1,15,0,4,3,1,0,1,1,4,4,2,4,0
1,16,0,4,3,0,0,1,0,4,3,1,2,1
0,15,0,4,4,0,0,1,1,3,3,5,5,0
1,16,0,3,1,1,0,1,0,3,3,1,2,0
1,15,1,2,2,1,0,1,0,1,3,1,3,0
1,15,1,3,1,0,0,1,0,4,2,2,3,1
0,16,0,3,1,0,0,1,0,3,2,1,1,0
0,15,0,4,2,0,0,1,0,3,3,1,1,0
1,15,1,1,1,1,0,1,1,3,4,2,4,0
0,16,0,3,1,0,0,0,0,3,2,2,2,0
1,16,0,3,3,1,0,1,0,3,3,2,4,0
0,15,0,4,3,0,0,1,0,3,3,2,3,0
0,15,0,4,0,0,0,1,0,4,3,1,1,0
1,16,0,2,2,0,0,1,1,2,3,1,3,0
0,17,0,2,1,1,0,1,0,5,1,1,1,0
1,16,0,3,4,0,0,1,0,4,3,1,2,0
0,15,0,2,3,1,0,1,1,2,2,1,3,0
0,15,0,2,3,1,0,1,0,3,2,1,2,0
1,15,0,3,2,0,0,1,0,4,4,1,1,0
0,15,0,2,2,0,1,1,0,3,3,1,3,0
1,15,0,1,1,0,0,1,0,3,2,2,3,0
1,15,0,4,4,0,0,1,1,4,4,2,3,0
1,16,0,2,2,0,0,0,0,3,4,1,2,0
1,15,0,4,2,0,0,1,0,3,3,1,3,1
0,16,0,2,2,0,0,1,0,4,2,1,1,0
0,16,0,4,4,0,0,0,0,1,3,3,5,0
1,16,0,3,3,0,0,1,1,3,3,1,3,0
1,15,0,4,3,0,0,1,0,5,5,1,3,0
1,16,0,3,1,1,0,0,0,3,3,2,3,0
1,16,0,4,2,0,0,1,0,3,3,1,1,0
0,15,0,2,2,0,0,1,0,3,4,1,1,0
1,15,1,1,1,1,1,1,0,1,2,1,1,0
0,16,1,4,3,1,1,1,0,3,3,1,1,0
1,16,0,2,1,0,0,0,1,3,5,1,1,0
1,16,0,4,4,0,0,1,0,3,4,1,2,0
1,16,0,4,3,1,0,1,0,3,5,1,1,0
0,16,0,4,4,1,0,1,0,5,5,5,5,0
0,16,0,4,4,0,0,1,1,4,3,1,1,1
0,15,0,4,4,0,1,1,0,3,3,1,1,0
1,15,0,3,2,1,0,1,0,3,5,1,1,0
0,15,0,3,4,0,0,1,0,4,4,1,1,1
1,15,0,3,3,1,0,0,0,3,3,1,1,0
1,15,0,2,2,1,0,1,0,1,2,1,1,0
0,16,0,3,3,0,0,1,0,3,3,1,1,0
0,15,1,4,4,0,0,1,1,3,5,3,5,0
1,16,0,4,4,0,0,1,1,4,5,1,1,1
0,15,0,4,4,0,0,1,0,5,3,1,1,0
1,16,1,3,3,1,0,1,0,1,2,1,1,0
1,16,0,2,2,1,0,1,0,1,2,1,1,0
0,15,0,4,2,0,0,1,0,5,2,1,1,1
0,15,1,2,1,0,0,1,1,4,2,1,1,0
0,16,0,4,4,0,0,1,0,4,4,1,2,1
0,15,0,4,4,0,0,0,0,4,3,1,1,1
0,16,0,3,3,0,0,1,0,4,2,1,1,1
0,17,1,1,3,0,0,1,0,2,4,1,4,0
0,15,0,3,4,0,0,1,0,4,3,1,2,0
1,15,0,1,2,0,0,1,0,2,3,1,2,1
0,15,0,2,2,0,0,1,0,5,4,1,2,0
1,16,0,2,4,0,0,1,1,2,2,1,2,0
0,16,0,4,4,0,0,1,0,4,4,1,4,0
1,16,0,2,2,0,0,1,1,4,4,1,1,0
0,15,0,3,4,1,0,1,0,5,5,3,2,0
1,15,0,3,4,1,0,1,1,3,2,1,1,0
1,19,0,0,1,0,0,0,0,4,2,1,1,0
0,16,1,4,4,0,0,1,0,5,5,2,5,1
0,16,0,2,3,0,0,1,1,2,3,2,2,0
1,15,1,3,4,0,0,1,1,2,2,2,2,0
1,18,0,2,1,0,0,1,1,4,5,1,3,0
1,17,0,2,1,0,0,1,0,2,2,1,2,0
1,15,0,1,1,0,0,1,1,3,3,1,2,0
1,17,0,2,2,0,0,1,1,4,4,1,3,0
1,16,0,3,4,0,0,1,0,2,1,1,4,1
0,16,0,2,1,0,0,0,0,2,1,1,1,0
1,16,0,2,2,0,0,0,0,3,4,1,1,0
0,15,1,3,4,0,0,0,1,3,3,1,1,0
1,15,0,4,4,0,0,1,1,3,3,1,1,0
0,17,1,3,4,0,0,0,0,4,5,2,4,0
1,16,1,1,1,0,0,0,0,1,3,1,1,0
0,18,0,3,1,0,0,1,1,3,4,4,5,0
1,18,0,3,2,0,0,1,1,3,3,5,1,0
1,16,1,1,1,0,0,0,1,3,3,1,2,0
1,16,0,3,3,0,0,1,1,3,2,1,1,0
0,16,0,1,1,0,0,0,1,4,4,1,3,0
1,15,0,4,4,0,0,1,0,3,2,1,1,0
1,15,1,1,1,0,0,1,1,5,5,1,1,0
0,15,0,4,3,1,0,1,0,2,2,1,1,0
1,15,0,3,3,0,0,0,1,3,2,2,3,0
0,16,0,4,4,0,0,1,0,3,3,1,3,1
0,16,0,2,2,0,0,1,0,3,3,2,2,0
1,15,0,4,4,0,0,1,0,2,2,1,1,0
1,16,0,1,1,0,0,1,0,4,4,3,3,0
0,17,0,2,1,0,0,1,0,4,5,1,2,0
1,15,0,1,1,0,0,1,0,4,2,1,2,0
1,15,0,2,1,0,0,1,1,4,2,1,1,0
1,15,0,3,2,0,0,1,0,3,2,1,1,0
1,15,0,1,2,0,0,1,0,3,2,1,1,0
1,15,0,1,2,0,0,0,1,3,4,2,4,0
0,16,0,4,4,0,0,1,1,3,2,2,1,0
0,15,0,2,1,0,0,1,0,5,5,2,5,0
0,18,0,1,1,0,0,1,1,3,5,2,5,0
0,16,0,2,1,0,0,0,1,4,4,3,5,0
1,15,1,3,3,0,1,1,1,2,1,2,3,0
0,19,0,3,2,0,0,1,1,5,4,1,1,0
1,17,0,4,4,1,0,0,1,2,1,1,1,0
0,15,1,2,3,1,1,0,0,4,4,1,1,0
0,17,1,1,2,0,0,0,0,2,2,3,3,0
1,18,1,1,1,0,0,0,0,2,5,1,5,0
0,16,1,2,2,0,0,0,0,2,2,1,2,0
0,16,0,3,3,0,0,1,1,5,5,4,4,0
0,16,0,1,2,0,0,1,0,4,5,3,5,0
0,17,1,2,1,0,1,1,1,3,2,2,2,0
0,17,1,3,2,1,0,1,1,4,4,1,4,0
0,15,0,1,2,0,0,0,0,4,4,2,4,0
0,16,0,1,3,0,0,1,0,3,3,1,4,0
0,17,1,1,1,0,0,0,1,3,5,1,5,0
0,17,0,3,2,0,0,0,0,5,2,1,1,0
0,16,0,2,2,0,0,1,0,3,5,2,4,0
1,16,0,4,2,0,0,1,1,2,3,1,1,1
1,16,0,2,2,0,0,1,0,1,5,1,1,0
1,16,0,4,4,0,0,1,1,4,2,1,1,1
0,16,0,3,4,0,0,1,0,4,5,2,4,0
0,16,0,1,0,0,0,1,1,3,2,1,1,1
0,17,0,4,4,0,0,1,0,4,4,1,3,0
1,16,0,1,3,0,0,1,1,3,5,1,1,0
1,16,0,3,3,0,0,1,0,4,5,1,1,1
0,17,0,4,3,0,0,1,0,4,4,4,4,0
1,16,0,2,2,0,0,1,0,4,4,1,4,0
0,17,0,3,3,0,0,1,0,3,4,1,4,0
0,16,1,4,2,0,0,1,1,3,3,3,4,0
0,17,0,4,3,0,1,1,1,2,3,1,1,0
0,16,0,4,3,0,1,1,0,4,3,2,3,0
0,16,0,3,3,0,0,1,1,2,3,1,2,0
1,17,0,2,4,0,0,0,0,4,2,2,3,1
1,17,0,3,3,0,0,1,1,3,3,2,3,0
1,16,0,3,2,0,0,1,0,2,2,1,2,1
0,17,0,3,3,0,0,1,1,3,4,2,3,0
0,16,0,1,2,0,0,1,1,3,3,1,2,0
0,16,0,2,1,0,0,1,1,2,3,1,2,0
1,17,0,3,3,0,0,1,1,3,3,1,3,0
0,17,1,1,2,0,0,0,0,1,3,1,5,0
1,16,0,2,3,0,0,1,0,3,3,1,1,0
1,17,0,1,1,0,0,1,0,3,3,1,1,0
0,17,0,1,2,0,0,1,0,4,4,4,5,0
0,16,1,3,3,0,0,1,0,3,2,3,4,0
0,16,0,2,3,0,0,1,0,3,3,1,1,0
1,17,0,2,4,0,0,1,1,3,2,1,1,1
0,17,0,4,4,0,0,1,0,2,3,1,2,0
0,16,1,3,3,0,0,1,0,3,4,3,5,0
1,17,0,4,4,0,0,1,0,2,4,2,3,1
1,16,0,4,4,0,0,1,0,5,2,1,2,0
1,16,0,4,3,0,0,1,0,3,5,1,5,1
1,16,0,2,3,1,0,0,0,4,3,1,3,0
1,17,0,1,1,0,0,0,0,4,4,1,3,1
1,17,1,2,2,0,0,1,0,3,2,1,2,0
1,16,1,2,2,0,0,1,0,3,5,1,1,0
1,17,0,3,4,0,1,1,1,4,3,3,4,0
1,16,0,3,1,0,0,1,0,3,3,2,2,0
1,16,0,4,3,0,0,1,1,3,2,1,1,1
1,16,0,1,1,0,0,0,0,3,2,1,4,0
1,17,1,4,3,0,0,1,1,4,2,1,1,0
1,19,0,3,3,0,0,1,0,3,3,1,2,0
0,17,0,4,4,0,0,1,1,3,5,4,5,0
1,16,0,2,2,1,0,1,0,3,4,1,1,0
0,18,0,2,2,0,0,1,0,4,4,2,4,0
1,17,1,4,4,0,0,0,0,2,1,1,2,0
1,17,0,3,2,0,0,1,0,4,4,1,3,1
1,17,0,4,3,0,0,1,1,4,5,2,4,0
0,18,0,3,3,0,0,1,0,2,4,2,4,0
1,17,0,2,3,0,0,0,0,3,3,1,4,0
1,17,0,2,2,0,0,1,0,3,3,1,1,0
1,17,1,2,1,0,0,1,0,2,5,1,2,0
1,17,0,1,1,0,0,0,1,3,4,1,1,0
1,16,0,2,3,1,0,1,0,3,1,1,1,0
0,18,0,2,2,0,1,1,0,3,3,5,5,0
1,16,0,4,4,0,0,1,0,3,2,1,1,1
1,18,1,3,1,0,0,1,1,3,3,1,1,0
1,17,0,3,2,0,0,1,0,3,4,1,3,1
0,17,0,2,3,0,0,1,0,3,3,1,3,0
0,18,0,2,1,1,0,1,1,3,2,4,5,0
1,17,0,2,1,0,0,1,1,2,3,1,2,1
1,17,0,4,3,0,0,1,1,2,3,1,2,0
0,17,1,2,2,0,0,1,0,5,2,1,1,0
0,17,0,4,4,1,0,1,1,5,5,1,3,0
0,16,0,4,4,0,0,1,0,2,4,2,4,0
0,16,0,1,1,0,0,1,0,4,2,1,1,0
0,16,0,3,2,0,0,1,1,3,3,1,3,0
0,17,0,2,2,0,0,1,1,4,2,5,5,1
1,16,0,2,1,0,0,1,1,5,2,1,1,0
1,16,0,4,1,0,0,1,1,3,3,1,2,0
1,18,0,2,4,0,0,1,0,3,3,1,1,0
1,18,0,2,2,0,0,1,1,3,1,1,1,0
1,18,0,3,3,0,0,1,0,1,1,1,1,0
0,18,0,2,2,0,0,1,1,4,3,2,2,0
0,17,0,4,4,0,0,1,0,2,1,1,2,0
1,17,0,3,2,0,0,0,0,4,2,1,1,1
1,17,0,1,1,0,0,1,1,3,2,1,2,0
1,16,0,1,2,0,0,1,0,3,5,1,2,0
1,17,1,2,1,0,0,0,0,1,1,1,1,0
1,17,1,1,4,0,0,1,0,5,4,1,1,0
0,18,0,2,2,0,0,1,0,5,4,3,5,0
1,17,0,2,2,0,0,1,0,1,2,1,1,0
1,17,1,1,1,0,0,1,0,3,3,1,3,1
1,17,0,4,2,0,0,0,0,3,2,1,1,1
0,17,0,4,3,0,0,1,1,5,5,1,4,1
0,17,1,4,4,0,0,1,0,3,3,2,3,0
0,16,0,4,3,0,0,1,0,4,5,1,1,1
0,16,0,4,4,0,1,1,0,3,2,1,2,1
1,17,0,4,4,0,1,1,1,3,1,1,4,0
0,17,1,1,1,0,0,1,1,3,3,1,1,0
1,17,0,3,3,0,0,1,1,2,2,2,3,0
1,17,0,1,1,1,0,0,1,3,2,1,1,0
1,18,0,2,1,0,0,1,1,4,4,1,1,0
0,16,0,2,1,0,0,1,0,3,3,1,1,1
1,17,0,1,1,0,0,0,0,3,4,1,2,0
0,17,0,2,3,0,0,1,0,2,2,1,1,0
0,22,0,3,1,0,0,1,1,4,5,5,5,0
0,18,1,3,3,0,0,1,1,3,3,1,3,0
0,16,0,0,2,0,0,1,0,3,2,2,4,0
0,18,0,3,2,0,0,1,0,4,5,2,4,0
0,16,0,3,3,1,0,1,0,3,3,1,3,0
0,18,0,2,1,0,0,1,0,2,5,2,5,0
0,16,1,2,1,0,0,0,0,3,2,1,3,0
0,17,1,2,1,0,0,1,0,4,2,2,4,0
0,17,0,1,1,0,0,1,0,4,4,1,2,0
1,18,0,2,1,0,0,1,1,3,4,1,3,0
1,17,0,4,2,0,0,1,0,2,3,1,1,1
1,19,0,2,2,0,0,1,0,3,3,1,1,0
0,18,0,2,1,0,0,1,0,4,5,4,4,0
1,17,1,4,2,0,0,1,0,3,4,1,3,0
1,18,0,1,1,0,0,0,0,4,3,2,3,0
1,18,1,2,2,1,0,0,0,2,3,1,1,0
0,19,0,4,3,0,0,1,0,3,1,1,1,0
0,18,0,2,1,0,0,1,0,2,4,1,2,1
0,17,1,2,2,0,0,0,0,2,2,1,1,0
1,17,0,2,2,0,0,1,1,4,1,1,1,0
1,20,1,2,1,0,1,1,1,2,3,1,2,0
1,18,0,4,3,0,0,1,1,1,2,1,3,1
0,18,0,4,3,0,0,1,0,3,2,1,1,0
0,18,1,3,2,0,0,0,0,3,2,1,1,0
1,17,0,3,3,0,0,0,0,2,3,1,1,0
1,18,0,2,2,0,0,1,1,3,3,1,1,0
0,17,0,2,2,0,0,1,0,4,4,2,3,0
0,18,1,3,4,0,0,1,0,2,5,3,4,1
0,17,0,3,1,0,0,1,1,4,4,3,4,0
1,18,1,4,4,0,0,1,0,3,4,2,2,0
0,18,0,4,2,0,0,1,1,4,5,1,3,0
1,18,1,2,1,0,0,1,1,3,5,1,2,0
1,19,0,3,3,0,0,1,0,3,5,3,3,0
1,18,0,2,3,0,0,1,1,5,5,1,3,1
1,18,0,1,1,0,0,0,0,4,3,1,1,0
0,17,1,1,2,0,0,0,1,5,2,2,2,1
1,18,0,2,1,0,0,1,1,2,5,1,2,1
1,17,0,2,4,0,0,1,1,3,3,1,1,1
1,17,0,2,2,1,0,1,1,4,4,2,3,0
1,18,1,3,2,0,0,1,1,1,1,1,1,0
0,18,0,4,4,0,0,1,0,2,4,1,4,0
1,18,0,4,4,1,0,1,1,4,4,1,1,0
1,17,0,2,2,0,0,1,1,2,3,1,1,1
1,19,1,3,2,1,0,1,0,3,3,4,3,0
0,18,0,4,3,0,0,1,0,2,3,1,2,0
0,18,0,1,2,0,0,1,0,4,4,2,4,0
0,17,0,4,1,0,0,1,1,5,4,2,4,0
0,17,0,3,2,0,0,1,0,4,4,3,4,0
1,18,1,1,1,0,0,0,0,2,2,1,1,1
1,18,0,1,1,1,0,1,0,4,4,1,1,0
1,17,0,2,2,0,0,1,0,4,5,1,2,0
1,18,0,2,1,0,0,1,1,3,1,1,1,0
0,17,0,1,1,0,0,1,0,3,3,1,2,0
1,18,0,2,2,0,0,1,0,3,3,1,2,1
1,17,0,1,1,0,0,1,0,3,3,1,1,0
0,18,0,2,1,0,0,1,0,2,4,1,3,1
0,18,0,4,4,0,0,1,0,4,3,1,1,1
0,18,0,4,2,0,0,1,1,3,2,1,4,1
1,17,0,4,3,0,0,1,0,2,2,1,2,1
1,17,1,3,1,0,0,0,0,1,2,1,1,1
0,18,1,3,2,0,0,1,0,4,2,1,1,1
0,17,0,3,3,0,0,1,0,4,3,1,3,1
1,19,0,4,4,0,0,1,0,3,4,2,3,0
1,18,0,4,3,0,0,1,1,4,5,1,2,0
1,18,0,4,3,0,0,1,0,3,3,1,1,1
0,18,0,4,4,0,0,1,1,4,2,2,2,1
1,18,0,4,4,0,1,1,1,2,4,1,1,1
0,17,0,4,4,0,0,1,0,1,1,2,2,0
1,17,1,4,4,0,0,1,0,3,4,1,1,0
1,17,0,4,2,0,0,1,0,3,3,1,1,1
1,17,0,3,2,0,0,1,0,2,2,1,2,1
0,19,1,2,1,0,0,1,1,3,1,1,1,0
0,20,0,3,2,0,0,0,0,5,3,1,1,1
0,19,1,3,3,0,0,0,1,5,3,1,2,0
1,18,0,1,4,1,0,0,1,4,4,1,2,0
1,18,0,2,1,0,0,1,0,3,3,1,2,0
1,17,0,2,3,0,0,1,1,2,1,1,1,0
1,17,1,4,4,0,0,1,0,4,4,1,1,1
1,18,0,4,3,0,0,1,1,3,4,1,1,1
1,18,0,4,3,0,0,1,0,2,4,1,4,0
1,17,1,3,4,0,0,1,0,3,4,2,5,1
1,18,0,3,3,0,0,1,0,1,4,1,1,0
0,19,0,4,2,0,0,1,1,4,4,1,1,0
1,18,0,4,4,0,0,1,0,4,4,3,3,0
1,18,0,3,4,0,0,1,1,4,4,1,1,0
1,17,0,4,4,0,0,1,0,3,4,1,2,1
1,17,0,4,3,0,0,1,1,2,2,1,2,1
1,17,0,3,3,1,0,1,0,3,3,1,1,0
1,17,0,2,1,0,0,1,0,2,3,2,2,0
0,18,0,4,4,0,0,1,0,2,5,3,4,0
1,19,0,1,1,0,0,0,1,5,5,4,3,0
1,19,0,1,1,0,0,1,1,3,4,1,1,0
1,18,0,2,2,0,0,1,1,3,5,2,4,0
1,17,0,2,2,0,0,0,1,2,2,1,1,0
1,17,1,2,2,0,0,1,0,3,2,2,2,0
1,17,0,3,1,0,0,1,0,4,3,2,3,1
1,17,0,0,2,0,0,1,0,3,3,2,3,1
1,18,0,1,1,0,0,1,0,5,5,1,2,1
0,18,0,4,4,0,0,1,0,3,3,2,2,0
0,17,0,3,3,0,0,1,0,3,5,3,5,1
0,17,1,2,2,0,0,1,0,4,5,5,5,0
1,17,0,4,4,0,0,1,0,4,4,1,3,0
1,17,0,4,4,0,0,1,1,3,3,1,2,1
1,17,0,3,3,0,1,1,0,2,5,2,5,0
0,18,0,2,2,0,1,1,0,5,5,2,4,0
0,19,1,3,2,0,0,0,1,3,4,2,2,0
1,18,0,2,2,0,0,0,1,2,5,1,1,0
1,17,1,2,4,0,0,1,1,4,3,1,1,1
0,18,0,2,2,0,0,1,0,4,2,1,2,1
1,18,0,3,3,0,0,1,0,3,4,1,1,0
1,18,0,2,2,0,0,1,1,3,3,1,1,0
1,18,1,2,2,0,0,0,0,4,4,1,1,0
1,17,0,3,4,0,0,1,0,4,5,1,3,0
1,17,0,3,2,0,0,1,1,3,2,2,3,0
1,18,0,3,3,0,0,1,0,3,3,1,1,1
1,17,1,3,2,0,0,1,0,3,3,2,3,1
0,18,0,4,4,0,0,1,0,3,3,2,2,0
0,18,0,3,4,0,0,1,1,3,3,1,3,1
1,17,0,2,2,0,0,1,1,3,1,1,2,0
1,18,0,2,3,0,0,1,0,3,3,1,2,0
1,18,0,3,2,0,0,1,1,4,3,2,3,1
0,18,1,4,3,0,0,1,1,3,2,1,2,1
0,18,0,4,3,0,0,1,1,4,5,2,3,0
1,17,0,4,3,0,0,1,1,4,3,1,3,0
1,17,0,2,1,0,0,1,1,3,4,2,2,0
1,17,0,2,1,0,0,1,0,3,5,2,4,1
1,19,0,2,3,0,0,1,0,2,3,3,4,0
1,17,0,3,1,0,1,1,1,1,2,1,1,0
1,21,0,4,4,0,1,1,0,3,2,1,1,0
0,18,0,2,2,0,0,1,0,4,4,1,3,0
0,18,0,3,4,0,0,1,1,3,5,1,4,0
1,17,0,2,2,0,0,1,0,3,4,1,3,1
0,17,0,4,4,0,0,1,0,4,2,1,2,0
1,18,0,4,2,0,0,1,0,2,2,1,1,1
0,21,1,1,1,0,0,1,1,3,3,5,2,0
1,20,1,1,1,0,0,1,1,2,2,1,3,0
1,19,0,4,4,0,0,1,1,2,5,4,4,0
0,17,0,3,2,0,0,1,0,4,4,1,2,1
1,18,0,3,2,0,0,1,1,3,4,1,2,1
0,18,1,2,3,0,0,1,0,1,3,4,5,0
0,19,0,2,1,0,0,1,0,3,4,1,4,0
1,18,0,2,2,0,0,1,0,1,4,1,3,1
1,20,0,1,0,1,0,1,1,3,1,1,1,0
1,18,0,3,2,0,0,1,1,1,2,1,2,0
1,16,0,1,3,0,0,1,1,3,3,1,3,0
1,16,1,2,2,0,0,1,0,4,4,1,1,0
1,15,1,1,1,0,0,0,1,1,3,1,1,0
1,15,1,3,3,0,0,1,0,4,4,2,3,0
1,16,1,2,3,0,0,0,0,5,2,1,2,1
1,15,1,2,1,0,0,0,0,3,4,1,1,0
0,16,1,4,4,0,0,0,0,3,2,1,3,0
0,16,0,1,2,1,0,1,0,4,3,1,1,0
1,17,1,3,2,0,0,0,1,5,4,1,2,0
1,17,1,1,1,0,0,1,0,4,4,2,2,0
1,15,1,4,4,0,0,1,1,5,1,3,5,0
1,16,0,2,2,0,0,0,1,2,1,1,1,0
1,15,1,1,1,0,0,1,0,4,3,1,2,0
1,15,1,1,1,0,0,1,1,4,3,1,2,0
1,16,1,0,2,0,0,0,0,2,3,1,2,0
1,17,1,2,3,0,0,1,0,5,5,1,3,0
1,15,1,3,3,0,0,1,0,1,3,1,1,1
0,16,0,1,1,0,0,0,1,4,5,4,5,0
0,17,0,1,1,0,1,1,0,4,3,2,4,0
0,15,1,4,1,0,0,1,0,3,4,1,2,0
0,15,1,4,1,0,0,1,0,3,4,1,2,0
0,16,1,3,4,0,0,0,0,4,5,1,2,0
0,15,1,1,1,0,0,0,1,4,5,2,4,0
0,15,0,3,3,0,0,1,0,3,3,1,1,0
0,17,1,2,1,0,0,0,1,5,5,5,5,0
1,16,1,4,4,0,0,1,1,2,2,1,1,1
1,15,1,1,2,0,0,0,0,1,2,1,1,0
1,16,1,2,3,0,0,1,0,5,4,1,2,1
0,16,1,1,2,0,0,0,0,3,3,1,1,0
1,16,1,2,2,0,0,1,0,4,5,1,1,0
1,16,0,1,2,0,0,0,0,3,2,1,2,0
1,16,0,1,2,0,0,0,0,3,2,1,2,0
1,15,0,2,1,1,0,1,0,4,2,3,3,0
1,16,0,1,1,0,0,0,1,4,3,2,1,0
0,17,1,1,2,0,0,1,0,5,5,5,5,0
1,16,1,1,1,0,0,1,0,3,2,1,1,0
1,16,1,1,1,1,0,0,0,4,3,1,1,0
1,15,1,1,1,0,0,1,0,3,3,1,1,0
1,16,1,1,1,0,0,1,1,2,2,4,3,0
1,15,1,1,1,0,0,0,0,2,1,1,2,0
1,15,1,2,2,1,0,0,0,4,3,2,2,0
0,16,1,1,1,0,0,0,0,4,4,3,4,0
1,18,0,1,2,0,0,1,1,4,4,2,3,0
0,15,0,3,1,0,0,0,0,2,3,1,3,0
1,16,1,2,2,0,0,1,0,3,4,1,1,0
0,15,0,2,2,0,0,0,0,3,3,1,2,0
0,16,0,4,4,0,0,0,1,3,1,1,1,0
1,15,1,3,3,0,0,1,1,5,4,1,1,0
1,16,1,2,2,0,0,0,0,4,4,2,3,0
1,16,1,2,2,0,0,0,1,3,2,1,1,1
0,16,0,2,1,0,0,1,0,4,3,2,3,0
0,15,1,1,3,0,0,1,0,2,4,3,5,0
1,15,0,2,2,0,0,0,0,3,2,1,1,0
1,16,1,2,1,0,0,1,1,4,3,1,1,0
0,15,0,3,3,0,0,1,0,3,3,2,4,0
1,16,1,1,1,1,0,0,0,4,3,1,1,0
1,17,0,2,2,0,0,0,0,5,3,1,1,0
1,19,0,2,3,0,0,1,1,4,4,1,1,0
1,17,1,2,1,0,0,0,1,5,3,1,1,0
1,15,1,1,1,0,0,0,1,2,1,1,3,0
1,16,1,2,2,0,0,1,0,4,5,1,2,0
1,16,0,2,2,0,0,0,0,3,4,1,2,0
1,17,1,2,2,0,0,1,0,3,5,1,2,0
1,16,0,2,2,0,1,1,0,4,3,1,4,0
1,18,1,3,2,0,0,0,1,3,2,1,1,0
1,19,0,1,1,0,0,0,1,3,1,1,1,0
0,18,1,1,1,0,0,1,0,4,3,3,4,0
1,18,1,1,1,0,0,1,1,2,3,1,1,0
1,19,0,1,1,0,0,1,1,1,4,4,1,0
1,16,1,2,2,0,0,0,1,3,2,1,1,0
1,17,0,0,1,0,0,0,0,4,4,3,5,0
1,16,1,1,2,0,0,1,0,4,5,1,3,0
1,16,0,3,3,0,0,1,1,5,4,1,1,0
1,16,1,1,1,0,0,1,1,4,4,2,2,1
0,17,0,3,3,0,1,0,0,4,5,3,4,0
1,16,0,2,1,0,0,1,0,3,3,1,1,0
1,16,0,2,2,0,1,0,1,2,5,1,2,1
0,17,0,1,2,0,0,1,1,3,5,5,5,0
0,16,0,4,3,0,0,1,0,2,5,1,5,0
0,17,1,2,2,0,0,0,0,3,5,3,5,0
1,16,0,1,1,1,0,1,0,2,1,1,1,1
1,19,0,2,2,0,0,1,1,4,5,1,1,0
1,17,1,1,1,0,0,1,1,4,5,1,2,0
1,20,0,3,3,0,0,1,1,3,4,2,4,0
1,17,0,1,1,0,0,0,1,3,3,1,1,0
0,17,1,2,2,0,0,1,0,4,5,1,2,0
1,16,1,1,1,0,0,0,0,3,2,1,1,1
1,17,1,2,2,0,0,0,0,3,2,1,1,1
1,17,0,1,0,0,0,1,1,4,5,1,1,0
1,18,1,1,1,0,0,1,1,3,2,1,1,0
1,16,0,3,1,0,0,1,0,1,3,1,3,0
1,16,0,3,2,0,0,1,0,1,3,1,4,0
1,18,0,1,1,1,0,0,0,3,5,1,4,0
1,16,1,4,4,0,0,1,1,3,3,2,3,1
1,16,1,1,2,0,0,1,0,4,5,1,4,1
1,18,0,2,4,0,0,1,0,3,2,1,3,0
0,16,1,2,1,0,0,1,0,2,1,1,1,0
1,16,0,1,1,0,0,1,0,3,2,1,3,0
1,16,1,2,3,0,0,1,0,3,3,1,1,0
1,16,0,4,4,0,0,1,1,3,4,1,2,0
0,18,0,4,4,0,0,1,1,5,5,5,5,0
1,16,1,3,4,0,0,0,0,2,1,1,1,0
0,17,0,4,4,0,0,1,0,4,3,1,2,1
1,17,1,4,1,0,0,1,1,2,3,1,2,0
0,16,0,2,2,0,0,0,0,1,3,2,2,0
1,17,1,2,2,0,1,1,0,1,3,1,2,0
1,16,0,4,4,0,0,0,0,1,3,1,2,0
0,17,0,3,3,0,0,1,0,1,4,5,5,0
0,17,0,1,1,0,0,1,1,1,3,3,3,0
0,16,0,2,1,0,0,1,1,2,2,1,4,0
1,16,0,2,1,0,0,1,1,2,2,1,1,1
0,16,0,4,4,0,0,1,0,1,2,2,5,0
0,15,1,1,2,0,0,0,0,5,5,1,3,0
0,15,0,2,2,0,0,0,0,4,5,2,3,0
0,15,0,2,1,0,0,1,0,3,3,1,2,0
1,16,1,2,2,0,0,0,1,3,3,2,2,0
1,16,0,4,1,0,0,1,0,2,4,2,2,0
1,17,0,3,2,0,0,0,1,3,3,2,2,0
1,17,1,2,2,1,1,0,0,1,3,1,1,0
1,16,0,4,4,0,0,1,1,3,5,1,4,0
0,17,1,4,4,0,0,1,1,3,3,1,3,0
0,17,1,1,3,0,0,0,1,1,2,3,3,0
0,17,0,3,4,0,0,1,1,4,4,3,4,0
1,17,0,4,4,0,0,1,0,2,5,1,1,1
0,16,1,4,1,0,0,1,0,1,2,2,1,0
1,17,0,1,1,0,0,1,1,5,5,1,2,0
1,17,1,4,2,1,0,1,0,3,3,2,3,1
0,16,0,2,2,0,0,1,1,1,2,2,2,0
0,17,0,3,2,0,1,1,0,1,2,2,2,0
0,19,0,1,1,0,0,1,0,4,3,3,4,0
0,17,0,1,0,0,0,0,1,1,2,1,1,0
1,17,1,1,1,0,0,1,1,5,5,2,2,0
1,16,1,1,2,1,0,1,1,3,4,1,1,0
0,16,1,1,2,0,0,0,0,4,4,2,4,0
1,17,1,3,1,0,0,1,1,4,4,1,1,0
0,17,1,2,2,0,0,0,1,5,5,3,5,0
0,18,1,1,0,1,0,0,0,3,2,1,1,0
0,17,1,1,1,0,0,1,1,5,5,1,3,0
0,18,0,1,1,0,0,0,0,3,3,1,4,0
1,16,1,2,2,0,0,0,1,4,3,1,1,0
0,17,0,2,2,0,0,0,1,2,1,2,3,0
0,16,1,3,2,0,0,1,0,5,5,2,3,0
0,16,1,1,1,0,0,1,0,5,5,2,4,0
0,18,1,1,1,0,0,1,1,3,3,2,3,0
0,18,1,3,2,0,0,1,0,3,1,2,2,0
0,19,0,3,2,0,0,0,0,2,1,1,1,0
0,18,0,3,3,0,0,1,0,4,5,1,3,0
0,16,1,2,2,0,0,1,1,4,3,2,4,0
0,19,0,2,1,0,0,1,1,4,3,1,3,0
1,16,0,3,2,0,0,0,1,5,5,1,1,0
1,17,0,1,1,0,0,0,0,3,2,1,2,0
0,20,1,1,1,0,0,1,1,4,3,2,4,0
1,18,1,4,3,0,0,1,0,4,4,3,4,0
0,18,1,3,2,0,0,1,0,5,5,5,5,0
0,19,1,1,1,0,0,1,0,4,4,3,3,0
0,17,0,3,3,0,0,1,0,5,4,2,3,0
0,18,0,1,3,0,0,1,1,3,3,2,3,0
0,19,1,1,1,0,0,1,0,4,4,3,3,0
1,18,0,1,2,0,0,0,0,3,3,1,1,0
1,19,0,1,1,0,0,0,0,4,4,1,1,0
1,18,1,2,2,0,0,1,1,5,5,1,1,0
1,17,1,0,0,0,0,1,0,4,3,1,1,0
1,17,1,3,1,0,1,0,0,2,3,2,2,0
1,17,0,4,2,1,0,1,0,5,5,1,3,0
1,18,1,2,2,0,0,1,0,3,3,1,2,0
1,17,0,4,1,0,0,0,1,2,2,1,1,0
1,17,0,1,2,0,0,1,0,5,1,1,1,0
1,18,0,1,1,0,0,0,1,4,4,2,2,0
1,18,0,2,2,0,0,1,0,3,5,1,1,0
1,17,0,3,3,0,0,1,0,4,3,1,1,0
1,18,0,1,2,0,0,1,0,4,3,1,2,0
1,18,0,4,4,0,0,1,0,3,5,1,2,1
0,18,0,4,4,0,0,1,0,4,5,1,1,1
1,17,0,4,2,0,0,1,0,3,3,1,2,1
1,18,1,2,2,0,0,0,1,3,3,1,1,0
0,18,0,1,2,0,0,0,0,1,4,5,5,0
0,18,1,4,4,0,1,1,1,5,5,1,1,0
0,17,1,1,1,0,0,0,0,2,3,3,4,0
1,18,0,2,2,0,0,1,1,3,1,1,1,0
1,18,0,2,2,0,0,1,1,4,5,1,4,0
1,18,1,4,2,0,0,1,1,3,1,1,1,0
1,18,0,1,1,0,0,0,0,4,2,1,2,0
1,19,0,1,1,0,0,0,0,5,5,2,3,0
1,17,0,4,2,0,0,1,1,2,3,3,1,1
1,17,1,2,1,0,0,1,1,3,3,1,2,0
1,18,0,1,1,0,0,0,1,2,3,1,2,0
1,18,0,1,2,0,0,0,0,1,1,1,1,0
1,19,1,1,1,0,0,0,1,5,4,1,4,0
1,18,1,2,2,0,0,1,1,2,1,1,1,1
0,17,1,4,3,0,1,1,1,5,5,1,3,0
1,18,0,3,3,0,0,0,1,3,4,1,1,0
1,17,1,4,4,0,1,1,0,3,3,1,2,0
1,17,0,3,2,0,0,0,1,2,3,1,2,1
0,18,0,1,1,0,0,1,1,3,2,1,2,0
1,18,0,1,1,0,0,1,0,3,2,1,1,1
1,18,1,1,2,0,0,0,1,3,4,1,4,1
1,18,0,3,3,0,0,1,1,3,2,1,3,0
1,17,0,4,4,0,0,1,1,3,4,1,1,1
1,17,1,1,2,0,0,0,0,2,2,1,2,0
0,18,1,1,3,0,1,0,0,3,4,2,4,0
0,18,0,4,4,0,0,1,1,2,2,2,2,1
1,17,1,1,1,0,0,1,1,2,1,1,2,0
1,18,0,2,3,0,0,1,1,2,3,1,2,0
1,18,1,4,4,0,0,1,1,2,2,4,2,0
0,18,1,1,2,0,0,1,1,3,3,2,3,0
1,17,0,2,2,0,0,0,1,4,3,1,1,0
1,17,1,1,2,0,0,1,0,5,5,1,3,0
1,18,1,4,4,0,0,1,0,4,4,1,1,1
1,18,1,1,1,0,0,1,0,3,2,1,2,0
1,19,1,1,1,0,0,1,1,3,3,1,1,0
1,18,1,4,4,0,0,1,0,4,3,3,4,0
1,18,0,3,3,0,0,1,1,1,3,1,2,1
1,17,1,3,1,0,0,1,0,5,4,2,3,0
0,18,0,4,4,0,0,1,0,2,4,1,4,1
0,18,1,2,1,0,0,1,1,4,3,1,3,0
0,17,0,2,3,0,0,1,0,4,3,1,1,1
0,19,1,1,1,0,0,0,0,3,2,1,3,0
0,18,1,4,2,0,1,0,0,4,3,4,3,0
1,18,1,2,2,0,0,0,0,3,3,1,3,1
1,17,0,4,3,0,0,1,0,5,4,1,1,0
1,18,1,4,4,0,0,1,1,4,3,2,2,0
1,19,1,2,3,0,0,1,0,4,2,1,2,0
1,18,0,3,1,0,0,1,0,3,4,1,1,1
1,18,0,1,1,0,0,0,0,1,1,1,1,0
0,17,0,3,1,0,0,1,0,4,5,3,4,0
0,18,1,3,2,0,0,1,0,4,1,3,4,0